firstName,lastName,phoneNumber,email
Consuelo,Miller,831-564-2765,aiyana87@turcotte.biz
Nikolas,Goodwin,(713) 883-6115,keeling.esmeralda@hotmail.com
Jaida,Feest,870-326-9607,pnienow@yahoo.com
German,Torp,(954) 277-4032,bweber@yahoo.com
Rosemarie,Witting,+1.385.340.3035,xturner@hotmail.com
Veronica,D'Amore,+1 (360) 567-6011,klein.carmella@nikolaus.biz
Price,Farrell,801-208-6323,tschuster@yahoo.com
Stanley,Bradtke,+1 (539) 590-9244,cmills@hotmail.com
Nico,Rogahn,770.652.0380,ucarroll@schneider.com
Lorena,Lowe,470.472.4400,richie35@gmail.com
Kayli,Abshire,+1 (520) 264-9454,valentin.krajcik@yahoo.com
Eldon,Corwin,586.960.1340,stark.marvin@hotmail.com
Ryann,Zieme,18308839837,haag.demetris@crooks.org
Dee,Greenholt,215-873-9820,terrence49@leffler.info
Gregg,Anderson,1-702-548-3123,terry.josie@ohara.info
Oceane,Hessel,726.705.4154,dward@gmail.com
Ole,Cartwright,901-445-6927,curt.oconnell@yahoo.com
Edwardo,Deckow,484.450.8194,feeney.ulices@emmerich.org
Monte,West,+1.602.597.9280,bednar.deshawn@dare.com
Ruthe,Macejkovic,385-367-7709,piper.haag@labadie.com
Karine,Metz,986-702-5655,london98@yahoo.com
Breanne,Powlowski,417.366.8517,eulalia81@langworth.com
Abe,Reichel,1-585-541-5027,brisa69@yahoo.com
Karelle,Pfeffer,17655813596,isabell25@hotmail.com
Mack,Dach,(843) 639-8854,smcglynn@hotmail.com
Yvonne,Kub,+1.936.224.7522,markus.bechtelar@altenwerth.com
Cleo,Yost,757.364.3736,ryleigh54@schimmel.com
Cleora,Krajcik,304.706.2771,loyal.dicki@yahoo.com
Earlene,Daugherty,+1.727.892.3636,audreanne66@yahoo.com
Sam,Mante,13379330359,dante43@leffler.com
Jeffery,Sanford,1-216-780-0330,swillms@beahan.info
Vidal,Herman,820.361.9259,pstehr@hayes.org
Ethan,Pollich,1-224-937-8796,kgoodwin@braun.com
Michelle,Streich,1-430-633-6043,bradtke.rosetta@maggio.com
Victor,Kirlin,602.955.0643,strosin.gina@yahoo.com
Dariana,Trantow,+1.920.593.2767,schamberger.cristina@marks.biz
Rae,Schmidt,+1 (678) 328-2319,arvilla.fay@shanahan.info
Karina,Gulgowski,1-661-312-7140,gardner07@reichel.net
Richie,Bednar,+1.838.700.2324,zulauf.jaiden@yahoo.com
Lydia,Braun,+1.305.333.4583,litzy.wintheiser@dubuque.net
Alvis,Terry,469.929.4277,strosin.nella@breitenberg.org
Queenie,Heathcote,941-285-2607,franecki.mohammad@king.info
Belle,Skiles,15207759986,alessandro.rolfson@wilderman.net
Marco,Bailey,360.535.2515,kaycee36@klocko.com
Hulda,Halvorson,19498534662,dalton72@hotmail.com
Antonetta,Fadel,564.238.8614,violet28@marvin.com
Christa,Ferry,484-450-3436,bbernhard@gmail.com
Emelie,Bauch,234.602.1348,baby.marquardt@feest.com
Edgardo,Baumbach,+1 (970) 950-3558,gleason.florence@wisozk.com
Alanna,Altenwerth,(240) 824-8828,rkessler@yahoo.com
Garnet,Schmeler,754-732-1357,audrey.koelpin@gmail.com
Sonia,Lehner,240-798-1496,javon54@upton.com
Kyra,Walter,14352962562,colin.marquardt@hotmail.com
Pablo,Cartwright,+1 (202) 887-1316,scole@wuckert.com
Woodrow,Bauch,951.959.4551,mschuppe@conn.com
Trisha,Nitzsche,+1 (540) 208-8198,kitty13@watsica.com
Myra,Lynch,747.682.6730,chet.pacocha@dickens.info
Gina,Carroll,+1 (478) 646-8417,klein.treva@yahoo.com
Alvena,Heaney,872.996.3114,foreilly@yahoo.com
Lelia,Wisozk,14344858943,kristina87@gmail.com
Kitty,Herzog,270.935.3914,celia42@yahoo.com
Blaze,Purdy,959-385-9244,russell94@hotmail.com
Renee,Tillman,623.772.1661,coralie87@jast.com
Antonia,Schulist,(808) 617-0509,crona.duncan@gmail.com
Austyn,O'Hara,984-230-7543,rarmstrong@hotmail.com
Alvena,Murazik,270.919.5620,bradtke.barbara@yahoo.com
Janae,Ritchie,(678) 241-0276,bcorkery@yahoo.com
Noemie,Shanahan,12015477917,lbergstrom@hotmail.com
Lukas,Cassin,838.655.4276,abbie62@kiehn.net
Tiara,Jones,1-463-499-3473,vivian.heller@murazik.info